num_samples_original,num_features_original,num_samples_after_preprocessing,num_features_after_preprocessing,num_classes,binary_features,categorical_features,numeric_features,class_imbalance,variance_explained,avg_feature_correlation,max_correlation,intrinsic_dimensionality,pca_variance,outlier_fraction,linear_performance,nonlinear_performance,tree_performance
898,38,898,38,5,7,25,6,0.976878612716763,0.4457537910180766,0.0359575213679462,0.7954042308145995,5.875686931915199,1.0,0.0155608955573789,0.9239933496750471,0.6001693871166526,0.9501935741221436
3196,36,3196,36,2,35,1,0,0.04443053817271588,0.3768194584250236,0.0379826287884038,0.6595295378023552,9.99078207844274,24.0,0.0118811709080795,0.9489894404801434,0.7696654979957464,0.9724415894135504
57,16,57,16,2,3,5,8,0.29824561403508776,0.6232638757760303,0.0742678914105643,0.654592038776665,13.431049732363707,11.0,0.0054824561403508,0.8162492256339006,0.8846806023711983,0.7851645020480834
452,279,452,279,13,66,9,204,0.9838056680161943,0.3631806955246113,0.0398028869615182,1.0000000000000002,39.26959169636012,38.0,0.0121086687601103,0.9144618641441058,0.8175707360997982,0.863764396919359
20000,16,20000,16,26,0,0,16,0.051066580478345176,0.6964221863827467,0.086944620401471,0.8527926215631488,9.7694870507485,12.0,0.0065375,0.5170021659421294,0.7503217953236305,0.8277419300013119
205,25,205,25,6,4,6,15,0.9142857142857143,0.5283675103623684,0.0722301932337507,0.9694567265344172,6.811208005577019,1.0,0.0257994579945799,0.7185862392891195,0.42638441301138813,0.6681642178890304
148,18,148,18,4,9,6,3,0.9518072289156626,0.5844457397186217,0.078053128676403,0.5914969158292407,14.517798797794436,11.0,0.0075075075075075,0.89352178032258,0.8787579794136317,0.9019665951002929
625,4,625,4,3,0,0,4,0.7091988130563799,1.0000000000000002,0.0321126981829457,0.3555889892287115,4.0,4.0,0.0,0.7395343431017999,0.770872575006926,0.8021494335537631
2000,216,2000,216,10,0,0,216,0.0,0.6003570698988067,0.1112764660011093,1.0,15.130280701793628,12.0,0.0017037037037037,0.9786986870007786,0.9271839660971115,0.9509842110952681
286,9,286,9,2,3,6,0,0.4055944055944056,0.4574470310078637,0.0352964201572542,0.7226979167992162,8.386980679319509,10.0,0.0154582259845417,0.5674714216840435,0.5961009257100233,0.660842922962868
2000,76,2000,76,10,0,0,76,0.0,0.3073178528127766,0.0572537911293203,0.5477615921204366,21.49475293366469,50.0,0.0047960526315789,0.7740322811017822,0.7946437892202153,0.8044864624277989
699,9,699,9,2,0,0,9,0.3104434907010014,0.8893918939062624,0.2657637260481103,0.9057802350267588,9.0,7.0,0.0098553489111429,0.9391702639391513,0.9606147991694706,0.9688209061052788
2000,64,2000,64,10,0,0,64,0.0,0.2946721755270077,0.0488027183569072,0.5043465458930922,22.7192249438571,36.0,0.0025625,0.926966120436813,0.9400278792851334,0.9416642368052347
2000,6,2000,6,10,0,0,6,0.0,0.997670011169508,0.2507751021854548,0.9506435549274996,5.805178624955465,1.0,0.00075,0.5442016872452915,0.4027114653079676,0.7127677092515814
2000,240,2000,240,10,0,240,0,0.0,0.4298276535306032,0.0764358205866584,0.9235150484957472,21.46742602125524,88.0,0.0010354166666666,0.935346946234224,0.926038445358369,0.956636250709434
2000,47,2000,47,10,0,0,47,0.0,0.6537601961727411,0.1114405781110455,0.9978422697825948,14.79710828205878,13.0,0.0076170212765957,0.7946360017607477,0.7805143480011235,0.7578009749790446
1473,9,1473,9,3,3,4,2,0.30769230769230765,0.7839273380281843,0.0786945066755617,0.6157784054648964,8.015219796165532,2.0,0.0095798446103945,0.46419174535123336,0.5047628459074809,0.5279939050285721
8124,22,8124,22,2,5,17,0,0.03594288527818811,0.4926315026272887,0.0483614267961163,0.9198529099457704,5.260151910798568,12.0,0.0147218119153126,0.9689939675641522,0.8950313103984443,0.9963812259360022
368,26,368,26,2,4,15,7,0.32608695652173914,0.2972530337741442,0.0167169095536152,0.6846882458828583,16.561130782558596,4.0,0.0109007996001999,0.73485368911641,0.694251290678884,0.8327253322102578
12960,8,12960,8,5,1,7,0,0.999074502545118,0.6173410780199788,0.0034496296311516,0.1025355075570745,8.0,7.0,0.0,0.6120749598899785,0.8501338621055817,0.947802251846647
368,22,368,22,2,2,13,7,0.26086956521739124,0.4455634096439436,0.0514479883600616,0.4629462265801533,17.60003835919685,4.0,0.011240118577075,0.7538650093219031,0.7286317686372911,0.8442530601666928
5620,64,5620,64,10,3,0,61,0.015985790408525765,0.4650193467110142,0.0611780366386115,0.9267044952697324,17.140980811238883,29.0,0.0068727758007117,0.9453524960028655,0.9331066026909253,0.9634412721278275
690,15,690,15,2,4,5,6,0.11014492753623192,0.3776887112930023,0.0338760333489507,0.9275702702158708,10.087763133053194,1.0,0.0316156736446591,0.8323895055595057,0.6437251552180262,0.8659953953231695
5473,10,5473,10,5,0,0,10,0.9886662618903056,0.9490915498623436,0.1713881091205678,0.953321984750594,6.848012645618831,2.0,0.014763383884524,0.8052335323060404,0.5376906186462327,0.9334173679430756
1000,20,1000,20,2,3,11,6,0.4,0.3310445336255302,0.0293020502694559,0.6301677332476067,16.15859197244951,1.0,0.0114482758620689,0.6194143063907509,0.5675762049748437,0.6886131470215865
10992,16,10992,16,10,0,0,16,0.04047294224647571,0.8003296294318867,0.1273032498400305,0.8574803832661821,10.165178543429446,9.0,0.0015522652838427,0.8788365470287998,0.9227680124293561,0.9638678165849018
90,8,90,8,3,2,6,0,0.9393939393939394,0.760924157854111,0.0450748754345895,0.2450632754910419,8.0,7.0,0.0125,0.5526590696785204,0.5280951253886889,0.5015487019414477
366,34,366,34,6,1,32,1,0.6969696969696969,0.6404864447207349,0.1114496080688629,0.949014992953364,15.337493447926509,3.0,0.011491481838637,0.9628259640942102,0.9393692809853286,0.9730801485702699
2310,19,2310,19,7,0,0,19,0.0,0.7975253529434831,0.1253148434588206,0.9986420908105956,6.977500433134559,4.0,0.0056277056277056,0.8586618287154649,0.8402295959823919,0.9401216767213461
768,8,768,8,2,0,0,8,0.3020833333333333,0.817299923769867,0.0758332889376094,0.5483476212941928,8.0,2.0,0.01513671875,0.6780316552226228,0.7250207755132051,0.7256277578040633
3772,29,3772,29,2,20,3,6,0.8775185577942737,0.4460423252900226,0.0300595179394549,0.99717651930184,8.161957735183622,4.0,0.020313014224595,0.8411229383205194,0.7511068455617558,0.9109280728841259
336,7,336,7,8,2,0,5,0.9724137931034482,0.9808695634200836,0.0510170078012329,0.8502149288551565,7.0,5.0,0.0063775510204081,0.7944444287126808,0.865350807843618,0.8771684797125673
208,60,208,60,2,0,0,60,0.06730769230769228,0.5664685889689685,0.1120039205395356,0.926206717971563,16.818048155608587,17.0,0.0089743589743589,0.7511718926933124,0.7451115997489306,0.8167908819655838
214,9,214,9,6,0,0,9,0.788235294117647,0.9027772977459316,0.1084280525122199,0.7913999689273138,8.175933689283017,5.0,0.0171339563862928,0.6880233991601988,0.5027261146693229,0.7554437453178352
683,35,683,35,19,16,19,0,0.84,0.5611153552352652,0.0967417744787104,0.9510378574329512,6.780734188775629,19.0,0.0081572892700271,0.9282381400031232,0.9355954623564543,0.9511490795322658
306,3,306,3,2,0,1,2,0.47058823529411764,0.4650161193402199,0.0319057244960518,0.1116156513096724,2.941488334958964,2.0,0.0613373554550025,0.5523471281069607,0.6227154992899083,0.629344263259156
4601,57,4601,57,2,0,0,57,0.2119104542490763,0.3168817850677429,0.0322910151220059,0.8010721679894632,9.660675918084342,2.0,0.0157631636143172,0.8922960664863994,0.6837307816079347,0.9283933206386527
3190,60,3190,60,3,0,60,0,0.3666391412056152,0.1317254309529704,0.0111312821621849,0.1360282376742557,35.15963250164704,55.0,0.0,0.7613791143280252,0.7768067531837713,0.9318045569593952
151,5,151,5,3,2,0,3,0.029702970297029733,1.0,0.0710836397291233,0.312513950222477,4.126694665349858,3.0,0.0,0.4464826897995445,0.4491762276193334,0.4789066753945382
303,13,303,13,2,3,4,6,0.0891089108910891,0.5951065668724367,0.062774622549382,0.5761729941069509,13.0,3.0,0.0068545316070068,0.8056938916429378,0.7677349657720383,0.8270105419805246
958,9,958,9,2,0,9,0,0.3068893528183716,0.6551751376765085,0.0359030796103822,0.1755978929917327,9.0,9.0,0.0,0.5435906547017625,0.6996472923217695,0.8834750977952982
294,13,294,13,2,3,4,6,0.27891156462585037,0.6107612483836938,0.0419347631035936,0.5339105033147123,11.83512058247051,3.0,0.0125588697017268,0.7709180870707116,0.7329051910099119,0.8095009662419786
270,13,270,13,2,3,0,10,0.1111111111111111,0.6226789029439055,0.0736948931473156,0.6097701634597502,13.0,3.0,0.0025641025641025,0.8206610326928715,0.7665099179539828,0.822182083484131
846,18,846,18,4,0,0,18,0.0455635491606715,0.9006463840793029,0.2008043125796524,0.9964451755962808,10.411313660980856,1.0,0.0028894142369319,0.7430125936225974,0.5397981107280748,0.7081510535493415
155,19,155,19,2,13,0,6,0.5870967741935483,0.5398751575003167,0.0678790075870726,0.5854585999536579,15.960488129204055,2.0,0.0037351443123938,0.761582996055027,0.7277503995024369,0.7572056080587788
435,16,435,16,2,16,0,0,0.22758620689655168,0.725375641946862,0.1712097101291477,0.8285604501437384,10.167711090768584,13.0,0.0,0.9402337150467815,0.9320724374531645,0.947161930472009
3772,29,3772,29,4,20,3,6,0.9988515647430376,0.4460423252900226,0.0300595179394549,0.99717651930184,8.161957735183622,4.0,0.020313014224595,0.7859966502385481,0.8305761871078352,0.9485502523678807
351,34,351,34,2,1,0,33,0.2820512820512821,0.6153866360294451,0.1086314932518745,0.8255787539414298,13.812333208267855,24.0,0.0036869448634154,0.8368452287161922,0.9038408064104188,0.9140094072108852
5000,40,5000,40,3,0,0,40,0.011659192825112113,0.3625203990175968,0.0433821783301615,0.7181522580709976,40.0,36.0,0.001765,0.8371156064031209,0.8253187125696324,0.8498703058368579
150,4,150,4,3,0,0,4,0.0,1.0000000000000004,0.1422818586086187,0.6848598447207179,4.0,2.0,0.0016666666666666,0.8647865997797574,0.9538386369965317,0.9478712581297047
101,16,101,16,7,15,0,1,0.8222222222222222,0.7959760949993935,0.1225967587941563,0.9387449976838876,5.179229898220483,8.0,0.0049504950495049,0.975291845133115,0.964519580796264,0.932012512766481
1000000,38,1000000,38,6,19,19,0,0.9984291747247109,0.3465073089378659,0.0348223135118901,0.9999999999999986,10.712276329226931,40.0,0.0104151628630218,0.8278581109469231,0.7495792766782715,0.9131530208330659
1000000,38,1000000,38,6,4,34,0,0.9984291747247109,0.4994971547906745,0.015026501063198,0.6122295490583253,6.977002908975632,18.0,0.0077514564905683,0.6913773375985448,0.7442807094270553,0.8603518831594723
1000000,36,1000000,36,2,34,2,0,0.043749999999999956,0.3616204639589032,0.0334387278522004,0.7117515402782203,11.171081272359755,31.0,0.0151283829130943,0.9108438518175735,0.760015745090341,0.9496875659841305
1000000,16,1000000,16,2,3,13,0,0.29103999999999997,0.4870279514602827,0.0229079296812702,0.5238581118504297,10.935013260475287,15.0,0.0081753270130805,0.8532094414571443,0.863313248473038,0.9421280753979723
1000000,16,1000000,16,26,0,16,0,0.05620157545498058,0.5338221292094044,0.0492268368467512,0.5518419588684851,8.663708948355598,14.0,0.003381487854656,0.3287209464654361,0.4806625033547037,0.5465641478947209
1000000,25,1000000,25,7,4,21,0,0.9850790258998637,0.2441252252021459,0.0218222180609398,0.8335075959203317,19.360721582103995,39.0,0.0197953614066903,0.5928168630377411,0.6021078272313597,0.7888829874804547
1000000,18,1000000,18,4,9,9,0,0.940889003954898,0.4915161542077221,0.0477761228567938,0.5769389815947419,12.372874312424132,16.0,0.0116653776746584,0.7699118129825356,0.8114733102040504,0.9132222310397689
1000000,9,1000000,9,2,3,6,0,0.40564599999999995,0.3619490387053982,0.0336023085424362,0.942089229439269,5.819312014726097,26.0,0.0174780324546315,0.6692744656299675,0.7088312315734586,0.7505690452949954
1000000,76,1000000,76,10,0,76,0,0.0041024514892597985,0.1850145543718672,0.0256932331950408,0.3806303214928393,59.4322516962696,68.0,0.0032928955580918,0.7997435347958316,0.7420041165427548,0.8584885387720972
1000000,64,1000000,64,10,0,64,0,0.004351827767662381,0.1772938843754301,0.0187221060321319,0.2992907586302417,56.663685209097146,58.0,0.0,0.9296474977490731,0.8529833518403139,0.923860940087966
1000000,12,1000000,12,6,2,10,0,0.6326908184291892,0.0829089478770896,0.0282385435165993,1.0000000000000009,21.000731331003745,157.0,0.0119284836904599,0.5973426647155891,0.3794513632405716,0.7151566009426672
1000000,12,1000000,12,6,2,10,0,0.6326908184291892,0.0789025941688521,0.0254376170263062,1.0000000000000009,20.911492824907725,158.0,0.0116185765449471,0.6026801522487633,0.3827047860946629,0.7336972486875792
1000000,47,1000000,47,10,0,47,0,0.0047545167909513585,0.4405666753106494,0.0625558626029985,0.8990087171650395,24.94813333088341,31.0,0.0033606721344268,0.7400924101972978,0.7358759072262995,0.8111038427742567
55296,9,55296,9,3,3,6,0,0.3065451532725766,0.7467053226495284,0.0518101474893804,0.6367711070498344,4.428961172555976,8.0,0.011391566773782,0.4682245858208279,0.5231808911453872,0.555875949800819
1000000,22,1000000,22,2,4,18,0,0.03659600000000002,0.3885404770486556,0.0451740556493324,0.8295538642679606,7.960562689764787,33.0,0.0105484219368774,0.9183910964048683,0.9120812659216785,0.9739163723258785
1000000,27,1000000,27,2,4,23,0,0.325554,0.1600518736810087,0.1422575672635568,1.000000000000001,6.783894602327472,392.0,0.0051486021705019,0.7816521125820683,0.6353494300852062,0.8321265404544483
1000000,22,1000000,22,2,2,20,0,0.259306,0.3330472190228287,0.0186977047394684,0.408723531848522,20.418933279766616,20.0,0.0114459123819498,0.7810849177006852,0.7961761088149834,0.8689276421871089
1000000,64,1000000,64,10,0,64,0,0.015166340508806298,0.3138013609862323,0.0413109071140437,0.8165210793774369,24.42631443759008,51.0,0.0110043312127395,0.9034197427917957,0.8482471672694292,0.9338668633652393
1000000,15,1000000,15,2,4,11,0,0.109796,0.3429559594613613,0.0211265420235762,0.9818751422502372,6.086588032874366,23.0,0.0340117308396039,0.8384393315855058,0.8295359372564043,0.8848678702832998
295245,10,295245,10,5,0,10,0,0.9883194823986295,1.0000000000000222,0.0493776060526964,0.8627300550392507,5.607255134194562,9.0,0.0129735568268192,0.6813943442209953,0.6142979241846693,0.7533548888500126
1000000,20,1000000,20,2,2,18,0,0.39917400000000003,0.2617205132705379,0.012205652320507,0.7626834118569626,18.104489338390067,26.0,0.012634988158147,0.6509012056372504,0.6602664264005911,0.729810662138231
1000000,16,1000000,16,10,0,16,0,0.04639446048240633,0.6836595910551615,0.0876495756705898,0.8090074209541089,7.601280203621683,12.0,0.0029033129276197,0.7828756453721891,0.8665789607341953,0.9093022898148787
1000000,39,1000000,39,2,3,36,0,0.15404600000000004,0.1749577403378695,0.1461894312078214,1.000000000000002,20.1284018247667,781.0,0.0042074624161437,0.7990935447164457,0.7016744898373561,0.7925171046718757
1000000,34,1000000,34,6,1,33,0,0.6944814523284372,0.425660467755372,0.0561224309285998,0.7249152415813338,25.384383271090137,26.0,0.0062019207010723,0.9644944079104337,0.9436350922727476,0.9760089856355944
1000000,19,1000000,19,7,0,19,0,0.004266450313339354,0.6066380020164883,0.0726459597711242,0.902871813372556,5.626909816091797,12.0,0.0065041985665074,0.72856520061706,0.7940184564367726,0.8745917409272167
1000000,29,1000000,29,2,20,9,0,0.877522,0.4336461872267914,0.027270401919828,0.9928266232539475,5.717619787290401,23.0,0.022516762739475,0.6578582079365249,0.6816402141825814,0.8131034740725887
1000000,60,1000000,60,2,0,60,0,0.06711199999999998,0.3920978365173382,0.0436019501360388,0.8381653188800977,37.568674091962144,45.0,0.0084163366534661,0.7734726541989797,0.7602897632328077,0.8653254285342115
137781,9,137781,9,7,0,9,0,0.9873620945167133,0.7101997190731808,0.0412141059943702,0.4396572894100478,5.136454970653086,8.0,0.0143522592918544,0.4125677095063389,0.5621531635166646,0.6630131203003745
1000000,35,1000000,35,19,16,19,0,0.8293251752568834,0.363453030763036,0.0389623153605535,0.6242374001597829,15.386215918802955,29.0,0.0085842306197563,0.8300169510032261,0.8365064201676095,0.9380852881625553
1000000,57,1000000,57,2,0,57,0,0.211896,0.5221620615297017,0.0710259602817877,1.000000000000001,5.081405793224955,47.0,0.0085463067645512,0.7342074850267744,0.7147077020562312,0.762292234196502
1000000,13,1000000,13,5,3,10,0,0.994034231271247,0.5111033571241765,0.0220535274826256,0.3385328344724456,8.762743937769438,12.0,0.002335664895172,0.571635916333384,0.7501653996988074,0.9165415955870978
39366,9,39366,9,2,0,9,0,0.3057968805568257,0.6476685323597713,0.0235428892347041,0.1871471150008115,9.0,9.0,0.0,0.5502802271185262,0.6604779760603384,0.7650842926917941
1000000,13,1000000,13,5,3,10,0,0.9947872890289559,0.5283038435226378,0.0156447309310358,0.3131016219466067,5.353324754655974,12.0,0.0141709312809844,0.5152849338569778,0.7230989092698649,0.913379631611415
1000000,32,1000000,32,2,17,15,0,0.002238000000000016,0.3449579515992694,0.018818478255923,0.565311435842129,22.60500989244772,23.0,0.0,0.8607922727569992,0.8756961354794738,0.9466460109416959
1000000,13,1000000,13,2,0,13,0,0.10864799999999995,0.5473283867154863,0.039059934887109,0.5247225376714096,7.46287013800075,12.0,0.0022708600651718,0.881996791224814,0.9024376303835734,0.914751297876582
1000000,18,1000000,18,4,0,18,0,0.04722626819164778,0.7374000490797333,0.1396186894799636,0.8238884081880331,7.6377474180856515,14.0,0.0049317029154609,0.5455913597415339,0.5916389764251888,0.7120240386187943
1000000,19,1000000,19,2,13,6,0,0.5820960000000001,0.477236244337452,0.0499507103271215,0.5656712067568368,10.153601388350358,17.0,0.0070802832113284,0.8498278768590369,0.8569814812917134,0.9008119223546873
131072,16,131072,16,2,16,0,0,0.22694396972656253,0.6322922239788261,0.1177751079558939,0.7027622444677006,6.861908970532398,13.0,0.0,0.9424250883574561,0.9436001717294045,0.9644362025857259
1000000,29,1000000,29,4,20,9,0,0.9985334495886835,0.4105329627776302,0.0252317868285321,0.991676533096306,5.970595599729761,22.0,0.0124575483280041,0.7915136643532316,0.751908174391931,0.8393000452571298
1000000,34,1000000,34,2,0,34,0,0.28204999999999997,0.4380235954882764,0.0610061410991782,0.6508669418337388,28.25310468592427,29.0,0.0,0.8934541116625446,0.8930315063703004,0.9475282712418013
1000000,40,1000000,40,3,0,40,0,0.010858034601475563,0.2496627001864632,0.0224141254090962,0.5649292317775668,40.0,36.0,0.0,0.8504103060825615,0.8149019636932309,0.8937871955142146
1000000,17,1000000,17,7,15,2,0,0.8042276481999253,0.2060598489617904,0.0499692479701808,1.0000000000000009,7.049332154078416,102.0,0.0085951223924,0.884686546433627,0.6523383064464637,0.9334417513338638
1455525,72,1455525,72,10,44,6,22,0.9999938889313269,0.5015700452739982,0.0531041385495904,1.0,8.162457671103722,45.0,0.0094576587380904,0.5672702037945586,0.5948050017864708,0.7028850416224445
581012,54,581012,54,7,44,0,10,0.9807934332699407,0.392265363017823,0.0464485860907341,1.0,6.232074413218183,41.0,0.0201208048321932,0.5372642531982005,0.5526326749889771,0.6848306395607239
45312,8,45312,8,2,0,1,7,0.1509092514124294,0.9022133262309544,0.1105441991270807,0.7491131155028367,7.758004353449476,7.0,0.0017750710028401,0.7309406541873896,0.7899259871051453,0.7963514492608829
1000000,10,1000000,10,2,0,0,10,1.3999999999984023e-05,0.5635638089843904,0.0180749669856861,0.2300866066454056,10.0,10.0,0.0,0.6922741051810334,0.718138100259513,0.7196010618829698
1000000,10,1000000,10,2,0,0,10,0.00033200000000001154,0.5316132533415131,0.0111182124329632,0.0816371086118656,10.0,10.0,0.0,0.869088372151484,0.9102698982557057,0.9143840732440905
1000000,24,1000000,24,10,24,0,0,0.006976244812759975,0.2558840479517752,0.0081184190890327,0.2381535019252552,24.0,23.0,0.0,0.4893129530462252,0.5415545977342052,0.6416819688660156
829201,10,829201,10,10,0,5,5,0.9999903736932289,0.7678055302137947,0.0786404612246243,0.8421783711246789,10.0,8.0,0.0017766395902524,0.3834753566750196,0.6439661801146631,0.845552485658604
1000000,10,1000000,10,5,0,0,10,0.527948697713138,0.6381928004927282,0.0369935046815043,0.2600499519635619,10.0,10.0,0.0059247109653158,0.3593843159948506,0.646183473581078,0.8129180216419893
1000000,10,1000000,10,5,0,0,10,0.527948697713138,0.6362291567037321,0.0385262352925123,0.284196112544297,10.0,10.0,0.0058687042445093,0.4217633654630064,0.6228911661112337,0.7422518893871285
1000000,10,1000000,10,5,0,0,10,0.527948697713138,0.6386369669496438,0.0395148661199471,0.3079839200983245,10.0,10.0,0.0057766932031843,0.4556800130982743,0.6439302729082653,0.7556919227801014
1000000,10,1000000,10,5,0,0,10,0.527948697713138,0.5467008433412567,0.0116328157511839,0.19879380400234,10.0,10.0,0.0051846221546585,0.1917232565737296,0.28157652608601763,0.32246169385586126
1000000,10,1000000,10,5,0,0,10,0.527948697713138,0.5622174426975866,0.0221564163928721,0.1415641095899528,10.0,10.0,0.0051646197543705,0.2117379302043859,0.2815331640843104,0.32683316640971405
1000000,3,1000000,3,2,0,0,3,0.228684,0.9999999999999968,0.0394989439500683,0.3474744853992745,3.0,3.0,0.0,0.8171848388471225,0.8672782438783254,0.8674980859273699
1000000,3,1000000,3,2,0,0,3,0.22866400000000003,1.000000000000001,0.0401914634209317,0.3495276081075194,3.0,3.0,0.0,0.8208759593354884,0.8695800668762917,0.8697705249538381
106,57,106,57,2,0,57,0,0.0,0.2259103345582635,0.0400193970334036,0.3180085848358137,40.11898498214255,43.0,0.0,0.7936544474044475,0.7805305312113093,0.8345610871245883
339,17,339,17,21,14,3,0,0.9764705882352941,0.4843096496435635,0.0446003189127169,0.3956752338977275,9.939880664121404,13.0,0.0088495575221238,0.26335754612345197,0.275461778878113,0.2705771850461753
48842,14,48842,14,2,1,11,2,0.5214364686130789,0.2796442065477931,0.0636314869162355,1.0000000000000002,7.5785190758046115,69.0,0.0104454811103836,0.7044092685487243,0.665748288931228,0.782453651944453
110393,54,110393,54,7,44,0,10,0.9494917108315573,0.377233166818473,0.0433760112417528,1.0000000000000002,6.014912980512828,41.0,0.0200149345280955,0.38983855798452205,0.413500370194641,0.5541092901511486
1484,8,1484,8,10,1,0,7,0.9786324786324786,0.8434846932299241,0.0381827955976265,0.5834291169111226,8.0,7.0,0.011455525606469,0.4512376443023715,0.515829912115905,0.6362614783135173
6430,36,6430,36,6,0,0,36,0.42022263450834885,0.9396504275761436,0.2412068608260776,0.9608450593438504,17.82027454293303,6.0,0.0027043373077587,0.6927098600859715,0.8252231603676944,0.8601076076085082
4177,8,4177,8,28,0,1,7,0.9971014492753624,0.9897431713300728,0.3050774749288809,0.987025667896286,8.0,2.0,0.0041297581996648,0.11109362218409824,0.15139437858310936,0.1513295929095443
28056,6,28056,6,18,0,6,0,0.9882096069868995,0.9154988964517548,0.027686699367965,0.4175351702134893,6.0,6.0,0.0,0.17543279554060862,0.41891902304141676,0.5938732996944646
1340,16,1340,16,3,0,1,15,0.910377358490566,0.9088466347712284,0.2392867933405618,0.9845071517118232,13.104554263067772,1.0,0.0109141791044776,0.7128047359731248,0.7303164541424577,0.8623578970872843
412,8,412,8,7,1,3,4,0.9937304075235109,0.8502327855881453,0.0543995285015051,0.9062051968311544,8.0,1.0,0.01001213592233,0.18408305519885892,0.22836675542744225,0.19640926169987197
178,13,178,13,3,0,0,13,0.19327731092436976,0.7424932586475104,0.0903793524573172,0.8252088834601796,12.298345401260914,1.0,0.0047536732929991,0.9810432458058996,0.8393907995520529,0.9733102235683401
736,19,736,19,5,1,5,13,0.341692789968652,0.3830676379118301,0.0396280165065372,1.0,7.508442311336221,2.0,0.0357167119565217,0.49204725075928696,0.362246105375798,0.5870419185661856
1000000,38,1000000,38,6,19,13,6,0.9985398713771381,0.3584453760140156,0.034417715341654,0.999336026238574,10.911121434226851,40.0,0.0127041331916351,0.7994703123752264,0.7596872418281874,0.8999303983375126
1000000,38,1000000,38,6,4,28,6,0.9985398713771381,0.5281723801121782,0.0155242280020616,0.6057203612722338,8.458190789153646,18.0,0.0093642816085298,0.6347529130348083,0.6363136288053288,0.8161938810408221
1000000,16,1000000,16,2,3,5,8,0.294,0.4674556643941969,0.0229150614666995,0.5162217420209483,14.188992786724087,15.0,0.0117529701188047,0.8185811574970682,0.8465502346357333,0.9355122360614158
1000000,16,1000000,16,26,0,0,16,0.050969371970712544,0.5903085362569581,0.0582645538216562,0.747491153038129,16.0,14.0,0.0014632608956657,0.323078269456967,0.4718074217973413,0.6000913664403676
1000000,25,1000000,25,7,4,6,15,0.9850243101888065,0.2159491362679627,0.0171105573065941,0.5820496782896458,22.211085071848217,40.0,0.022291563876554,0.48022067454762807,0.49382058938407564,0.6888470434692611
1000000,18,1000000,18,4,9,6,3,0.9410431729830019,0.4922804503702985,0.0460086705238151,0.5815774421426245,13.307444578954115,16.0,0.0119298432763509,0.7871492081481914,0.8214520322624522,0.91498848443505
1000000,76,1000000,76,10,0,0,76,0.004923892124272019,0.1834802080213672,0.0287649094901607,0.4349812855853087,65.17663361428833,68.0,0.0015620163119357,0.784710742413092,0.7344255874223234,0.8348026245886458
39366,9,39366,9,2,0,0,9,0.31179190164101,0.8010362948888569,0.15907025326239,0.7317476594731241,9.0,7.0,0.0051735402749443,0.9773876933696647,0.9770978263082548,0.9839619341857074
1000000,64,1000000,64,10,0,0,64,0.004325973344002381,0.1747429131806156,0.019088636887714,0.2845932275715765,59.239993892007305,58.0,0.0002206691338267,0.9551641118810245,0.8809787056263606,0.9566551750613405
1000000,12,1000000,12,6,2,7,3,0.6326507776658834,0.0798902115307667,0.0352829783690593,1.0000000000000009,20.61250476998597,158.0,0.0117101132796506,0.6011802942007424,0.36897990604093794,0.7281905301339723
1000000,47,1000000,47,10,0,0,47,0.0024589426546585257,0.4526113408315922,0.0683108257481361,0.8287619641006561,36.496647787249806,34.0,0.004695595027913,0.7171422051788751,0.7059063006046481,0.7835675985088505
55296,9,55296,9,3,3,4,2,0.3087688121286166,0.7635091622374872,0.0570483539065648,0.6131491180607807,6.887267087107868,8.0,0.0093874176600794,0.44808131136482005,0.5382173025738616,0.5807972673693391
1000000,27,1000000,27,2,4,16,7,0.324164,0.1480253868908788,0.152938384310247,1.000000000000001,6.753717316520214,391.0,0.0049248196342948,0.7343143387970784,0.6236948330019073,0.8197017763572426
1000000,22,1000000,22,2,2,13,7,0.260442,0.3196489495107785,0.0157818682183805,0.4881687502002411,22.0,21.0,0.0105713319441868,0.788273183977673,0.816618963066985,0.87201197870746
1000000,15,1000000,15,2,4,5,6,0.10801599999999999,0.3262153585304504,0.0197821604858147,0.9833424552148852,10.80067169026531,23.0,0.0331702156975167,0.8306963602440226,0.8351977342302562,0.8891952249316596
295245,10,295245,10,5,0,0,10,0.9888547213680342,0.7076629261949513,0.0787801804766687,0.4533252097447277,10.0,9.0,0.0219657572605808,0.34876424268154627,0.49219934296340934,0.6781829341325022
1000000,20,1000000,20,2,3,11,6,0.39954799999999996,0.2594878796360925,0.0114896608043849,0.4973982243866939,20.15326642794279,26.0,0.014717830092514,0.6386502623549872,0.6571235125299358,0.7279315500923472
1000000,16,1000000,16,10,0,0,16,0.04457115443237871,0.6391273935242225,0.0827935462638029,0.6420310901430192,16.0,13.0,0.0008126950468112,0.6990923095884908,0.8020286594874705,0.8591205974950599
1000000,39,1000000,39,2,3,18,18,0.156124,0.184129943761602,0.1385186800428231,1.000000000000002,19.317162706184025,780.0,0.0040879752837172,0.7845069369108782,0.6969753392807333,0.7796746852073282
1000000,34,1000000,34,6,1,32,1,0.6908366224235459,0.4254788944383946,0.056008775627398,0.7401238799931026,25.31074192171149,26.0,0.0060360184398598,0.9658697351906071,0.943726304546852,0.9776494002542689
1000000,60,1000000,60,2,0,0,60,0.06507599999999998,0.330597384410615,0.028482924737015,0.7606153553692138,47.63820058192701,48.0,0.0070622824912996,0.7886142236839303,0.7889219373000417,0.8639589178663335
137781,9,137781,9,7,0,0,9,0.9872471326420437,0.6868829294359824,0.04409116447418,0.5061240269123619,9.0,9.0,0.012178752077944,0.3692370364710104,0.4806328620069334,0.6012237048150384
1000000,13,1000000,13,5,3,4,6,0.9940741559170971,0.5091962013173675,0.0231374246657167,0.4649357599690484,13.0,12.0,0.0013632405119383,0.502965550384775,0.7199708819188424,0.8870156417351636
1000000,13,1000000,13,2,3,0,10,0.11189199999999999,0.5428461557076691,0.038647849355104,0.4955061666081583,13.0,12.0,0.0013815937252874,0.8743284748069171,0.9054393372683265,0.917165892364821
1000000,18,1000000,18,4,0,0,18,0.044463910585525325,0.724121046760892,0.1506038058966546,0.8896274583366743,18.0,13.0,0.0034891680223306,0.5248679060841477,0.5750771975836645,0.6873237800030986
1000000,19,1000000,19,2,13,0,6,0.5843659999999999,0.4661080653286722,0.0477347304479992,0.5618433358550196,13.596405972710045,17.0,0.0085203408136325,0.8469987177236171,0.8549484216301028,0.8940279446304172
1000000,40,1000000,40,3,0,0,40,0.011653074402697727,0.2766408574887972,0.0272578280559047,0.6600038718964639,40.0,35.0,8.90035601424057e-05,0.882807382592095,0.8312565786776398,0.9033607163578207
1000000,16,1000000,16,7,15,0,1,0.8051791958041958,0.5913053255620113,0.0591896150346081,0.5750781197475578,6.86463882668036,13.0,0.0,0.818964853542035,0.8546058967369007,0.9102815299815198
71,62,71,62,6,3,0,59,0.9090909090909091,0.7398921772687092,0.1245804666716263,1.0000000000000002,9.911215688320205,1.0,0.009768287142208,0.7662405207513903,0.27186354283671915,0.7036089008536979
74,62,74,62,4,3,0,59,0.8867924528301887,0.7393016828493226,0.1246808433127505,1.0,9.67634312972973,1.0,0.0093722755013077,0.7482095179377787,0.32749702118033924,0.5930289314476357
74,62,74,62,4,3,0,59,0.8,0.7393016828493226,0.1246808433127505,1.0,9.67634312972973,1.0,0.0093722755013077,0.6599195923724376,0.27130759953849787,0.6151785088612051
74,62,74,62,4,3,0,59,0.8947368421052632,0.7393016828493226,0.1246808433127505,1.0,9.67634312972973,1.0,0.0093722755013077,0.9073989167535363,0.4213409767156486,0.7988201998330641
45164,74,45164,74,11,0,0,74,0.9936780116047458,0.7357956311207663,0.1345621917743358,1.0000000000000002,9.606658046887889,20.0,0.0093357540944961,0.8433948802873003,0.8035935558410711,0.89799863536986
194,28,194,28,8,13,13,2,0.9714285714285714,0.3235166396887056,0.0333860161176681,0.7229921941071024,18.77907522892552,1.0,0.016352648418059,0.3929514381080302,0.17632278660707643,0.40682342408466216
990,12,990,12,11,1,1,10,0.0,0.5005678173190636,0.0558429912903053,0.5392588177084089,4.158642136652404,16.0,0.0375757575757575,0.45695092937166315,0.5970028954212264,0.8175463073794532
11183,6,11183,6,2,0,0,6,0.953500849503711,0.9848612297663316,0.1230867817575598,0.8981823912060726,6.0,5.0,0.013308891472175,0.7607889378393553,0.8373852216701536,0.8604151960334111
937,49,937,49,2,1,0,48,0.9124866595517609,0.7014831792597922,0.1251613619376367,0.9988178395835872,13.041744418476592,1.0,0.0085378868729989,0.898714387433663,0.6979675375998454,0.9591533862237785
2407,299,2407,299,2,5,0,294,0.6418778562525966,0.3830325433279112,0.0684670547559957,0.9589894279904664,42.0361151978333,128.0,0.0160276673526072,0.9608313787860417,0.8687430077389879,0.947917957151689
2417,116,2417,116,2,13,0,103,0.9718659495242036,0.3119705454485767,0.050507289496295,0.981533846289582,38.62339056409742,57.0,0.0076077497039647,0.9371348925262932,0.9147665070290683,0.940918270053595
105,11,105,11,6,2,6,3,0.6296296296296297,0.280973801633551,0.0151805537280417,0.4329368062378284,16.743372767091724,1.0,0.0167800453514739,0.669922202304161,0.3812916836054118,0.5119961496262703
105,11,105,11,6,2,9,0,0.6296296296296297,0.2618575317592093,0.0150425470487836,0.4599131058342867,16.459387628536383,28.0,0.0157218442932728,0.6158546253353017,0.5898705352381822,0.4801720826729849
160,4,160,4,3,0,0,4,0.35416666666666663,1.0,0.0113384998825718,0.0572673527117412,4.0,4.0,0.0,0.4630010920701389,0.774676111193043,0.6810702024993803
556,6,556,6,2,2,4,0,0.0,0.8566460232070755,0.0113510232626738,0.1215334242930919,6.0,6.0,0.0,0.6288332087957275,0.7843359397735584,0.920094582102425
601,6,601,6,2,2,4,0,0.3144758735440932,0.8610894673456193,0.0095256159529058,0.1224440523938675,6.0,6.0,0.0,0.5125540362861292,0.5531868890798055,0.8195996825904436
554,6,554,6,2,2,4,0,0.03971119133574005,0.840549978795047,0.0100613951563386,0.1226318476188357,6.0,6.0,0.0,0.7578690044549271,0.9379368756093229,0.976746296823397
267,22,267,22,2,22,0,0,0.17602996254681647,0.6089034024006827,0.0929027504413619,0.76696427263611,13.691053836439773,18.0,0.0,0.6092593079961898,0.6472875384776168,0.6807547453093575
155,8,155,8,4,0,6,2,0.4411764705882353,0.46237437083806,0.0409704077587951,0.780418012846897,4.846057232453384,6.0,0.0351254480286738,0.4244924487115562,0.46718354711363524,0.5240219443382607
52,24,52,24,3,0,3,21,0.4838709677419355,0.5816609853850057,0.0826554128486027,0.9910613575560232,13.76948791135951,4.0,0.0187937062937062,0.3625011305566861,0.556700132353727,0.47363445378151264
52,23,52,23,3,0,3,20,0.7142857142857143,0.5426173288045849,0.0807691209802481,1.0,14.390805526284122,4.0,0.0196581196581196,0.7519055049283807,0.8304205628552035,0.6000079562171066
10108,71,10108,71,2,48,23,0,0.22991689750692523,0.1033647874846726,2.3724439340799498e-05,0.8998665579633829,86.23119390727004,81.0,0.0004948732339965,0.7183874263585078,0.5490880617949019,0.721013663096472
9100,2,9100,2,9,0,1,1,0.6672396012375387,0.8302698704418947,4.028459216980584e-08,0.1592902118928706,85.47160365800167,1.0,0.0001697732180629,0.6585775436222078,0.24997976211577744,0.4527528631372964
65,2,65,2,2,0,2,0,0.5692307692307693,0.1380619156730967,0.0120462107951969,1.0,42.70488114643405,59.0,0.0157538461538461,0.8018585511311804,0.4747692414828806,0.5039554004072894
600,60,600,60,6,0,0,60,0.0,0.6991888560215026,0.1720202362874957,0.8399309813485443,23.261341021424435,28.0,0.0011666666666666,0.8595795893133177,0.964140025913853,0.9580605379180714
8844,60,8844,60,10,9,51,0,0.9995818523938951,0.1453333817894664,6.913639852479546e-05,1.0000000000000002,145.202723416352,458.0,0.0009716676785665,0.23534101961007417,0.25342952158801607,0.24491771085354044
70,2,70,2,3,0,2,0,0.9473684210526315,0.1270454176980057,0.0110247482035353,1.0,46.05743449894852,64.0,0.0144957983193277,0.37230658230658226,0.4509619667398305,0.37230658230658226
61,2,61,2,3,0,2,0,0.6956521739130435,0.1429481138577076,0.0125501881874613,1.0,97.21499426536806,57.0,0.0163934426229508,0.5753485223231497,0.3091342322894847,0.34169953981690265
7485,60,7485,60,11,8,52,0,0.9995186522262335,0.1467915829326679,7.276160635356885e-05,1.0,159.1296013178492,526.0,0.0010491191372567,0.19769635318892198,0.21880190241479194,0.20009828523433504
7019,60,7019,60,10,8,52,0,0.999532273152479,0.1368760118473754,0.0003856548615789,1.0,55.24738375371107,395.0,0.0033613961498748,0.26507735675500693,0.2867931526026369,0.29336329481925966
95,7,95,7,5,1,3,3,0.9710144927536232,0.9053977356933556,0.0948677421660185,0.6298463297463597,7.0,1.0,0.0075187969924812,0.37437419272385064,0.31391797075675565,0.3961011282605709
132,3,132,3,2,1,2,0,0.07575757575757575,0.2883049780514725,0.0278438994186032,0.6005002122132177,16.481505390907863,19.0,0.0829889807162534,0.7303813867645541,0.7267850978430307,0.6077500887718985
120,3,120,3,2,1,2,0,0.3,0.3117652582341598,0.0263218870188466,0.6893353807137236,15.1749809369513,18.0,0.0436507936507936,0.8011669253987689,0.7497404724000405,0.7194084103452916
500,5,500,5,3,2,1,2,0.7955801104972375,0.5945692904029499,0.0559347061126702,0.7646717435828481,3.5924107202506943,2.0,0.0147692307692307,0.9790730913362795,0.7764473662118392,0.9770225803890819
285,7,285,7,7,1,3,3,0.697841726618705,0.1480070364600253,0.0093931285498773,0.5031010506483694,7.748940441572992,1.0,0.0098947368421052,0.3244421168513312,0.27553354600898833,0.4479821515906795
57,10,57,10,5,1,5,4,0.9411764705882353,0.5829935497567845,0.0650151291700534,0.9286429085648472,10.623866295193377,1.0,0.016569200779727,0.3543828268060724,0.21992557437707663,0.18716989590917868
1340,16,1340,16,3,0,1,15,0.910377358490566,0.9088466347712284,0.2392867933405618,0.9845071517118232,13.104554263067772,1.0,0.0109141791044776,0.7128047359731248,0.7303164541424577,0.8623578970872843
406,7,406,7,3,0,1,6,0.5535168195718654,0.9858059481349783,0.2405751981722649,0.9336040825827804,7.0,1.0,0.0021111893033075,0.5977887473457535,0.5707627484198228,0.6814959290161946
841,70,841,70,4,0,0,70,0.7043010752688172,0.3390177661412716,0.0611819499535164,0.6379819818565884,38.8453780916501,33.0,0.0101579751995923,0.9982186132176656,0.9883631683767264,0.9884433455904996
83,3,83,3,3,2,0,1,0.7647058823529411,1.0000000000000004,0.1101688015554768,0.4294868518282843,2.613306898197929,1.0,0.0,0.44799437493778643,0.40087751754418416,0.5897413396996954
180,31,180,31,2,22,4,5,0.7222222222222222,0.3298437516864426,0.0416883238313616,0.8748799255490929,24.71540803325455,3.0,0.0202279202279202,0.685006823039099,0.5579286838628258,0.7548548603829776
250,2,250,2,2,0,0,2,0.0,1.0000000000000004,0.0203279557537108,0.0813118230148432,2.0,2.0,0.0,0.838703067406256,0.8544789376244979,0.8645737040970191
97,10,97,10,2,2,1,7,0.5051546391752578,0.2550520681513782,0.0207543157813013,0.9775528669673116,16.80470295922754,2.0,0.0144329896907216,0.7077940537668672,0.6790689462105145,0.6965737285942026
340,14,340,14,3,2,0,12,0.5267175572519084,0.7529686288581432,0.1787645043621985,0.714589535369445,13.844050969621494,1.0,0.0088235294117647,0.3999356370530671,0.35439790749420536,0.3905774719365523
797,4,797,4,6,1,3,0,0.11510791366906478,1.0000000000000004,0.0595553277580864,0.5896565631183935,3.165486906460618,3.0,0.0,0.19759080170972734,0.20965341929507839,0.21763614285326968
364,32,364,32,6,0,32,0,0.6911764705882353,0.4400734790851229,0.0615511201413063,0.7874819054215556,30.12321370525804,26.0,0.0054945054945054,0.2444149673700008,0.25312335327264696,0.29874548975108367
50,5,50,5,2,0,0,5,0.0,0.9999999999999998,0.0646373913935023,0.4846911788755245,5.0,3.0,0.02,0.9145936817811817,0.8435810717060717,0.6621921937711411
92,9,92,9,2,2,1,6,0.5869565217391304,0.9731182853729796,0.1866369901844339,0.9921549498960512,5.702603145952256,2.0,0.002415458937198,0.8371746523255811,0.7107034032523084,0.7529837167059262
61,18,61,18,4,0,8,10,0.8571428571428571,0.5428745953665556,0.0808584548279636,0.7216770930992976,8.93637977808191,8.0,0.0154291224686595,0.9463403880070547,0.9206586623253289,0.7998505385826175
209,8,209,8,2,0,1,7,0.2822966507177033,0.8487526871949725,0.070372572812827,0.750317683456218,8.0,1.0,0.0155502392344497,0.8398670919744317,0.6307574860154181,0.8747672814878885
1024,2,1024,2,13,0,1,1,0.945054945054945,0.9999999999999998,0.0638011422570243,0.2552045690280972,2.0,1.0,0.001953125,0.6143862872596589,0.5851302236035539,0.6976048889957088
52,2,52,2,2,0,0,2,0.07692307692307694,1.0,0.1709172343921827,0.6836689375687309,2.0,2.0,0.0096153846153846,0.804264023014023,0.8295341810966811,0.7816716148130624
125,4,125,4,2,0,2,2,0.21599999999999997,1.0000000000000009,0.1110964616064726,0.6688550396519045,4.0,1.0,0.0,0.5126047032941369,0.4585206851534309,0.46588283365624994
1000,25,1000,25,2,0,0,25,0.11399999999999996,0.3310059087224661,0.0194344268027574,0.9266009426201058,25.0,21.0,0.00064,0.5970664540933621,0.6377919116333944,0.8634392021606452
100,50,100,50,2,0,0,50,0.23999999999999996,0.2581397010809839,0.0400000023614571,0.911425859347736,39.78574813951133,38.0,0.0004,0.5566893938515627,0.516954893590943,0.7123494508181563
508,10,508,10,2,0,0,10,0.12598425196850394,0.9404171081376428,0.1745425892448041,0.9194376804134288,10.0,4.0,0.0086614173228346,0.8508822786153978,0.8326231943642348,0.864730797468889
1000,100,1000,100,2,0,0,100,0.128,0.1019511202907477,0.013043813394435,0.9345686825243136,83.52533931985297,88.0,0.00023,0.6235333534983784,0.5895807138927971,0.8214898391792333
137,7,137,7,2,3,1,3,0.3722627737226277,0.8302024277149163,0.0532598880844952,0.6307617728313188,7.0,3.0,0.0114702815432742,0.5767104435496184,0.6454443312832996,0.6758110992730236
4177,8,4177,8,2,0,1,7,0.003591094086665123,0.9897431713300728,0.3050774749288809,0.987025667896286,8.0,2.0,0.0041297581996648,0.705467077712377,0.7635407591499802,0.7789736744124207
200,10,200,10,2,1,0,9,0.030000000000000006,0.5986348974601609,0.0274171394916693,0.1774457251602382,10.0,10.0,0.0,0.8375193996623859,0.8502946885492767,0.8507978406683376
15000,48,15000,48,2,0,0,48,0.3278666666666667,0.4786147158373032,0.0231976636696459,0.8351139519971963,9.213572353857831,13.0,0.0121583333333333,0.7964573713683255,0.8070370144299174,0.922424112765096
1000,25,1000,25,2,0,0,25,0.09399999999999999,0.3669861288702414,0.0232226519368224,0.9294858800152797,25.0,21.0,0.00076,0.591959591761647,0.6128890642257541,0.8518634915993989
468,3,468,3,2,0,1,2,0.1111111111111111,0.9999999999999994,0.1925840041722831,0.9971771093012364,3.0,1.0,0.0,0.4790287332136239,0.6762017277594143,0.7838807344323512
8192,8,8192,8,2,0,0,8,0.19262695312500003,0.6365360871651649,0.0037251569647048,0.0229105677266858,8.0,3.0,0.004852294921875,0.922203408870478,0.9203692962013683,0.9323089122460434
100,5,100,5,2,0,0,5,0.2,1.0000000000000002,0.1236981122227877,0.8830946964545091,5.0,4.0,0.002,0.5458149916631879,0.8086118222499298,0.7844363914124144
40768,10,40768,10,2,1,0,9,0.0017660910518053031,0.5311295551796313,0.0094050808467839,0.1076074665685678,10.0,10.0,0.0,0.8605879686938902,0.893569131057046,0.9432580986907997
4052,7,4052,7,2,5,0,2,0.5207305034550839,0.7740657580675191,0.0191661998255233,0.2616534472919732,2.9405365574627704,1.0,0.0168876040050768,0.8986957383340152,0.8837147280379419,0.9587858754469821
250,5,250,5,2,0,0,5,0.048000000000000036,1.0000000000000004,0.0597086086028955,0.8743331521536536,5.0,4.0,0.0,0.6271953212572716,0.7531612099936215,0.8459058212961605
96,4,96,4,2,0,0,4,0.02083333333333336,1.0,0.0994535593144387,0.6053145488274068,4.0,3.0,0.0052083333333333,0.6626671830348302,0.7089539114423017,0.7141789503402776
250,50,250,50,2,0,0,50,0.06399999999999999,0.1726693681421096,0.0242203182572716,0.211175590868564,48.02422351344087,44.0,0.0,0.7737566072761227,0.7145497803401669,0.7921889744106893
209,6,209,6,2,0,0,6,0.4641148325358852,0.9723627146086096,0.2052749406698831,0.7246389006711287,6.0,1.0,0.0239234449760765,0.9178287784044598,0.8955585609721313,0.9220074575877047
13750,40,13750,40,2,0,0,40,0.15229090909090914,0.7459238484109686,0.1249459838333883,0.9999992145337798,17.51694565831893,1.0,0.0187672727272727,0.8423957829755416,0.7956927038476134,0.8380195770587108
8192,12,8192,12,2,0,0,12,0.39526367187499994,0.8215085428429172,0.1216423621718023,0.8648963880968887,10.59081828466636,3.0,0.0191141764322916,0.8613956536601629,0.7477044766907186,0.8978047269294231
111,3,111,3,2,0,0,3,0.04504504504504503,1.0000000000000009,0.1540563662689905,0.63842892980338,3.0,2.0,0.003003003003003,0.615491538736295,0.7027203662114149,0.6877182575031545
3107,6,3107,6,2,0,0,6,0.00804634695848084,0.9994148800926208,0.2459427514330586,0.994507963767952,6.0,1.0,0.0054715159317669,0.8071555691072487,0.6052148894205761,0.8101728928515398
195,10,195,10,2,3,6,1,0.241025641025641,0.6418877934066967,0.038000322441468,0.2726847559536423,10.0,2.0,0.002051282051282,0.750830877949667,0.6466948095765521,0.7827870597010339
62,7,62,7,2,0,0,7,0.06451612903225808,0.986402351574668,0.188109578560716,0.9095956405865118,5.709003869973795,1.0,0.0138248847926267,0.6725668661475549,0.6670551796231144,0.671854602906267
1000,10,1000,10,2,0,0,10,0.12000000000000001,0.7734226914003015,0.0611975210362207,0.932761706649282,10.0,7.0,0.0019,0.6354040512557622,0.6864145702605478,0.8886238007909052
1024,2,1024,2,2,0,1,1,0.005859375000000038,0.9999999999999998,0.0638011422570243,0.2552045690280972,2.0,1.0,0.001953125,0.6314029151714788,0.6846320406946221,0.7281719456867407
500,100,500,100,2,0,0,100,0.132,0.1102481789412662,0.0175934266357504,0.931907907072503,77.41494773452608,86.0,0.00022,0.5928961826762628,0.5885631029747319,0.7868212103994989
1000,5,1000,5,2,0,0,5,0.08600000000000002,0.9999999999999998,0.0640690576526037,0.8790335906423584,5.0,4.0,0.0,0.6170463189120664,0.7593465322935297,0.8966280633722232
250,5,250,5,2,0,0,5,0.128,1.0000000000000004,0.215760219250418,0.930719409070541,5.0,3.0,0.004,0.6468744874051525,0.7984354313321592,0.8250343848857117
159,15,159,15,6,1,0,14,0.8823529411764706,0.8804847910481508,0.1970423624008994,0.9688332786661948,6.760504798025896,2.0,0.010901467505241,0.4728048781268684,0.44894355915298306,0.6553198143742074
250,25,250,25,2,0,0,25,0.14400000000000002,0.3208307376920282,0.0262679753688457,0.8933515677674603,25.0,22.0,0.0,0.5677248367842535,0.6009711126530667,0.7979502951671344
167,4,167,4,2,0,4,0,0.5449101796407185,1.0,0.0642046050991343,0.8096070431580682,4.0,3.0,0.0,0.9155539480746234,0.9428072800602137,0.9447821577019425
163,5,163,5,2,2,0,3,0.4233128834355828,1.0000000000000004,0.1953716899571391,0.9106990852447028,2.913775816889525,1.0,0.0061349693251533,0.711755063626673,0.6777196894055701,0.7095061890964164
500,5,500,5,2,0,0,5,0.052,0.9999999999999996,0.2217600794147029,0.9263199885050796,5.0,3.0,0.0032,0.6309987679199089,0.7715065138929894,0.8657452569726951
500,7,500,7,2,0,0,7,0.01599999999999998,0.8761570953538877,0.077107908854614,0.5541000093875229,7.0,1.0,0.0057142857142857,0.4972295291142655,0.48481054838984416,0.5420351231318453
1000,10,1000,10,2,0,0,10,0.12000000000000001,0.858622125864287,0.0756833003326282,0.9317241934208036,10.0,7.0,0.002,0.6197225658137127,0.6796464800320963,0.860870296187573
8192,32,8192,32,2,0,0,32,0.007812499999999986,0.167695909840359,0.0041183182068943,0.0309268651124884,32.0,5.0,0.0,0.5946553506852579,0.6460484031956327,0.7718492831829815
194,32,194,32,2,0,0,32,0.0721649484536082,0.7924078594130005,0.1445710769187439,0.9955721007092015,15.35363159298462,1.0,0.0135309278350515,0.5371503598463124,0.5702011645887647,0.5489727186255419
100,5,100,5,2,0,0,5,0.08000000000000006,0.9999999999999994,0.0160376821935642,0.0922542618112006,5.0,5.0,0.0,0.8096954416161521,0.856305013212908,0.8413586829394811
62,5,62,5,2,0,0,5,0.0,0.9999999999999998,0.0898774719052849,0.6266267521263784,5.0,4.0,0.0,0.7480150405150404,0.7346203796203795,0.7109332334332334
528,21,528,21,2,1,2,18,0.7954545454545455,0.341585443089815,0.0353210135886324,0.958762892695404,25.266314669039275,1.0,0.0375781625781625,0.8325619390631047,0.6292233649492792,0.8293668958681106
67,14,67,14,2,0,0,14,0.4626865671641791,0.9722302774341502,0.3492249679439946,0.988360247545647,8.008853577093436,1.0,0.0223880597014925,0.9475102174060508,0.9045161782661783,0.9078245609166663
66,11,66,11,2,0,0,11,0.0,0.9070066516389428,0.167563353712586,0.8516290115461274,7.290615487102866,1.0,0.024793388429752,0.8946988659488659,0.6682219341545966,0.9350009250009249
8192,21,8192,21,2,0,0,21,0.39526367187499994,0.7249957246087277,0.1305354406878086,0.9432354867228052,12.982169848810372,3.0,0.0197288876488095,0.8800357287960304,0.7478429771874259,0.9107520191748683
100,10,100,10,2,0,0,10,0.10000000000000003,0.7441256778667782,0.0637938879274314,0.8880920100948625,10.0,8.0,0.001,0.6511252500104802,0.7050187412546074,0.7284271524318301
250,10,250,10,2,0,0,10,0.0,0.5893810203091312,0.0252564151875781,0.1726050318965976,10.0,10.0,0.0,0.7733875365622224,0.8073295598878293,0.8409359715018964
450,3,450,3,2,0,2,1,0.7555555555555555,1.0000000000000009,0.0149598353759454,0.134638518383509,3.0,3.0,0.0,0.5076005464159603,0.4749679699532348,0.8480174873765489
475,3,475,3,2,0,2,1,0.7305263157894737,1.0,0.014155852482798,0.1115358856848447,3.0,3.0,0.0,0.49340530623268747,0.47237821574296834,0.8661289933285087
500,50,500,50,2,0,0,50,0.048000000000000036,0.1671485524490278,0.017776745880573,0.8905276318818324,50.0,45.0,0.0,0.6168493306707322,0.6000702968998318,0.813551560890733
475,3,475,3,2,0,2,1,0.7431578947368421,1.0,0.014155852482798,0.1115358856848447,3.0,3.0,0.0,0.5079137839590979,0.49790002192028116,0.8550805974336689
100,25,100,25,2,0,0,25,0.10000000000000003,0.4170816341837977,0.0448639099899843,0.9381078552317916,23.245085859288253,20.0,0.0004,0.5764967565662478,0.5948797857678931,0.685149827373461
250,50,250,50,2,0,0,50,0.09600000000000003,0.1888461895965227,0.0257859866678937,0.8898841731652694,47.61107400111496,44.0,0.0,0.6216481188418251,0.6183529473355254,0.7733802324783635
625,6,625,6,2,0,0,6,0.007999999999999993,0.9173768144774443,0.0637273067939984,0.4360994699034867,6.0,1.0,0.0048,0.5921477039690932,0.6610972982793707,0.9031983761292407
108,3,108,3,2,0,2,1,0.1111111111111111,0.5345174309872092,0.0537670131894298,0.4073572127951571,2.5740035598675237,6.0,0.0705128205128205,0.7309702767685112,0.6825460322281343,0.7238142163752833
2178,3,2178,3,2,0,0,3,0.11019283746556471,1.0000000000000004,0.0311335867568048,0.1395213768814901,3.0,2.0,0.0137741046831955,0.48964868116734417,0.5117838612299149,0.527808858694644
250,25,250,25,2,0,0,25,0.007999999999999993,0.2950108574597158,0.0268101658955893,0.2020598204972681,25.0,23.0,0.0,0.7687245762765765,0.7568190821987492,0.8073950949174781
662,3,662,3,2,0,0,3,0.04229607250755282,0.9999999999999998,0.0170426411373926,0.0966596339462022,3.0,2.0,0.0025176233635448,0.5341525915711973,0.5392735449855104,0.5252479882512306
100,25,100,25,2,0,0,25,0.13999999999999999,0.3753056223580133,0.0404849391251683,0.8597694308607624,25.0,21.0,0.0,0.6303834374745668,0.78437326894276,0.8085445579308145
250,5,250,5,2,0,0,5,0.0,0.9999999999999996,0.0204529112261644,0.1052568097376952,5.0,5.0,0.0,0.7645639517438024,0.850606654334504,0.8353870181490671
252,14,252,14,2,0,0,14,0.015873015873015858,0.8846226411173254,0.2544176172063618,0.932031372214131,14.0,2.0,0.006235827664399,0.9569809820511893,0.7603262970837407,0.8940079520554836
500,25,500,25,2,0,0,25,0.06800000000000003,0.2902296111463316,0.0193713386187686,0.8757217186731264,25.0,23.0,0.0,0.6195869675819251,0.6299593476418378,0.830285992346378
51,6,51,6,2,0,0,6,0.1764705882352941,0.976067068955336,0.1093475736486192,0.6595870347827171,6.0,1.0,0.0065359477124183,0.6167649888238124,0.6333100348725349,0.572747885141461
120,2,120,2,2,0,0,2,0.050000000000000044,0.999999999999999,3.3324870259146666e-18,1.3329948103658665e-17,2.0,2.0,0.0,0.9468207707483068,0.9510515713486728,0.9425054365923932
100,10,100,10,2,0,0,10,0.2,0.8188425283393809,0.0859909638657821,0.9268647406436225,10.0,7.0,0.0,0.5819727560507275,0.6123198291002477,0.7093599069300319
140,3,140,3,2,0,1,2,0.0,0.6576318212138954,0.0560287019136488,0.5134470326447685,2.452535412443923,2.0,0.0208333333333333,0.7529099910370672,0.7262364182568836,0.6953405327395563
303,13,303,13,2,3,4,6,0.08250825082508251,0.6151582489107105,0.0729942654973086,0.5763285428467618,13.0,3.0,0.0022848438690022,0.7775911817470114,0.7821535679694236,0.8294371749608141
50,4,50,4,2,0,0,4,0.03999999999999997,0.9999999999999998,0.1498449670216309,0.6453768416626344,4.0,1.0,0.015,0.7260120700378053,0.6459536412661413,0.5515471252603605
186,60,186,60,2,16,0,44,0.17204301075268813,0.6288656836720103,0.0971746343662872,1.0,6.60787058332288,18.0,0.0193548387096774,0.6360135510783126,0.6471854326566635,0.6914771055317134
100,10,100,10,2,0,0,10,0.059999999999999984,0.695717524589101,0.0446132136954215,0.8549895973407544,10.0,9.0,0.0,0.6127769447901027,0.6604553244026928,0.7413211057947899
55,2,55,2,2,0,1,1,0.1272727272727273,0.5554565252274517,0.0525886053564186,0.3905057794618068,3.748125360494192,1.0,0.0757575757575757,0.8495086782770608,0.8832102912066148,0.7763179358767595
500,5,500,5,2,0,0,5,0.192,1.0,0.1180329105317487,0.8834862586297603,5.0,4.0,0.0008,0.668532840765797,0.8278964129844565,0.85519486813199
250,10,250,10,2,0,0,10,0.08000000000000006,0.790114620338511,0.075121657473909,0.9295253401192224,10.0,7.0,0.0028,0.6379454806245358,0.6604516939831732,0.8218707326510862
250,25,250,25,2,0,0,25,0.11200000000000003,0.3433051482869818,0.029505033548629,0.8873676612549918,25.0,22.0,0.0,0.6594076076987077,0.6635693161473436,0.8178629619044878
662,3,662,3,2,0,0,3,0.01208459214501507,1.0000000000000009,0.0037619073436952,0.0223733153352227,3.0,3.0,0.0040281973816717,0.5031454004336893,0.5277327657199063,0.5145586942207468
209,7,209,7,2,0,1,6,0.492822966507177,0.462966049998072,0.0288155429863032,0.7246389006711287,4.311038748564151,1.0,0.0281613123718386,0.9205749038414908,0.9314017076684863,0.9279090042250638
1000,50,1000,50,2,0,0,50,0.12000000000000001,0.1898446366842749,0.0146842054979769,0.9274555220126088,50.0,44.0,0.00048,0.6198460019264098,0.6199130169649912,0.8238362513209848
303,13,303,13,2,3,4,6,0.09570957095709574,0.642658094121446,0.0904173161906678,0.5763285428467618,13.0,3.0,0.0012693577050012,0.5760196947770756,0.5571375009818698,0.5856734914222951
1000,5,1000,5,2,0,0,5,0.00600000000000004,1.0000000000000009,0.0095096292697004,0.0409806723954755,5.0,5.0,0.0,0.8174590670822922,0.8910912816948903,0.8872103983801537
74,27,74,27,2,1,0,26,0.1621621621621622,0.6953457569943884,0.1006283029440317,0.9797784069484504,8.069067560775474,13.0,0.02002002002002,0.9386490722326636,0.8286882443035695,0.8909319908391117
185,2,185,2,2,0,0,2,0.05945945945945945,0.9999999999999992,0.0805488934028802,0.3221955736115208,2.0,1.0,0.0054054054054054,0.6075418654087097,0.652228649244993,0.6580662507527975
1945,18,1945,18,2,5,1,12,0.000514138817480759,0.5272870200545056,3.963814458523984e-05,0.6306359509666153,32.74820072245299,3.0,0.0009565948190626,0.6300929392266578,0.608691141854759,0.7286293265777104
7129,5,7129,5,2,0,0,5,0.061298919904614904,1.0000000000000029,0.0763535554584453,0.6459984374990863,5.0,3.0,0.0063122457567681,0.8985897231874066,0.9366562716787209,0.9412345282199014
70,7,70,7,2,3,1,3,0.02857142857142858,0.8856133174029105,0.0571396216032359,0.8312384800945102,7.0,1.0,0.0,0.6666234119910591,0.6991643759290819,0.7125098077303958
500,50,500,50,2,0,0,50,0.055999999999999966,0.2018446931836072,0.0205275868511248,0.935612972723503,49.23192755211279,43.0,0.00032,0.6185016324707118,0.55550542186621,0.7765086252315955
1000,50,1000,50,2,0,0,50,0.10999999999999996,0.1761472149978165,0.0140192536560952,0.9287240731679828,50.0,44.0,0.00042,0.6281068468563576,0.6171547277947426,0.8362011106820665
8192,8,8192,8,2,0,0,8,0.017578125000000003,0.6371438133880132,0.0039201001538242,0.0215825980733547,8.0,8.0,0.0,0.6940300915381958,0.7754286378755104,0.8051087871812163
100,10,100,10,2,0,0,10,0.10000000000000003,0.623479715786994,0.0349365821927895,0.1929202919830576,10.0,10.0,0.0,0.8092823387931075,0.7814720860171122,0.7624721498818955
418,18,418,18,2,6,2,10,0.1004784688995215,0.6462580333710511,0.092315268868567,0.6950775941529796,14.779420681868888,1.0,0.0114300903774587,0.6780664102971959,0.6327549427917568,0.6881742293456362
264,2,264,2,2,0,1,1,0.2348484848484849,0.4309548106086137,0.0384935299809031,0.1085953772289595,1.9491027075505576,1.0,0.0763888888888889,0.9293343069331991,0.7451876708968048,0.9124837589465877
100,25,100,25,2,0,0,25,0.059999999999999984,0.3683030634672148,0.0405422257676639,0.858174806592058,25.0,21.0,0.0,0.685601529186029,0.6615823733656551,0.7973704317872442
1000,5,1000,5,2,0,0,5,0.126,1.0000000000000009,0.2165768038351575,0.9274246494125687,5.0,3.0,0.0034,0.6291703744127508,0.7692333427390664,0.8842423172293011
468,2,468,2,2,0,0,2,0.094017094017094,0.9999999999999988,0.0921245852407271,0.3684983409629087,2.0,1.0,0.0,0.46554862526710394,0.6380934103224013,0.8225944121909192
52,9,52,9,2,0,0,9,0.07692307692307694,0.8680238998257248,0.1443283200869215,0.6836689375687309,6.277715426443823,4.0,0.0021367521367521,0.685669045687428,0.8097921176046176,0.8350216334591334
8192,8,8192,8,2,0,0,8,0.004394531249999954,0.6347409276141,0.0029562567853464,0.0171089194689083,8.0,6.0,0.0,0.733140767774756,0.8187239081526064,0.8287402464485214
310,8,310,8,2,0,1,7,0.06451612903225808,0.9969495284907736,0.2524084617738226,0.9984880932855632,3.033999754148145,1.0,0.0,0.9502743496419507,0.8472116703730146,0.9474572080479842
9517,6,9517,6,2,0,0,6,0.00556898182200278,0.9348308751795976,0.0535094872535538,0.4236911387239968,6.0,1.0,0.009229098805646,0.8407008104513399,0.8579157815533911,0.8791093533748816
5110,11,5110,12,2,5,3,4,0.9025440313111546,0.6289598673736189,0.0513079479794405,0.6753423373694319,8.969822725147168,1.0,0.0157089485856609,0.6967517809137872,0.47991011773877723,0.8708493149639364
918,11,918,12,2,4,3,5,0.10675381263616557,0.6608495089724967,0.069785929447862,0.4999123596918835,11.0,2.0,0.0018815607050901,0.8219725408303896,0.7833827721065002,0.8686748809423473
8124,22,8124,23,2,6,17,0,0.03594288527818811,0.4801677754075349,0.0460252097535135,0.9198529099457704,5.269626048584411,13.0,0.0147218119153126,0.9675565840477726,0.898414503933746,0.9952821778185511
1000,20,1000,21,2,6,0,15,0.01400000000000004,0.3489637591512498,0.0173459760438322,0.6593680246182205,20.0,4.0,0.0006,0.5141942888348752,0.5177451166219412,0.4869277033361761
2000,20,2000,21,4,6,0,15,0.0,0.3703040397837315,0.0138438618789271,0.645608752952643,20.0,4.0,0.0003,0.6563806086530845,0.8734986978801933,0.864348441856246
3276,9,3276,10,2,1,0,9,0.21978021978021975,0.6077420112624797,0.0132974589754056,0.1436057670524889,9.0,1.0,0.0053249219915886,0.49979330892195334,0.5189836828123463,0.6019838529648047
25976,24,25976,25,3,4,1,20,0.7340832071526425,0.4820758437490587,0.0543019195615103,0.9412277715647356,20.615238748161,19.0,0.0016584660106141,0.7994456314751659,0.8619101493938143,0.9630552959155252
103904,24,103904,25,3,4,1,20,0.737783595113438,0.480899651408254,0.0542321734147018,0.951243566040668,20.492780130558064,18.0,0.0019367441364321,0.790052633326801,0.7423407067250172,0.9639890984351774
438557,17,438557,18,2,6,5,7,0.16092643705748227,0.3473305857375934,0.0255223077125891,0.9995688577301034,6.231621798254403,28.0,0.0181554731751378,0.5750746023916578,0.5944897452177017,0.8695040137741191
1048575,2,1048575,3,5,0,1,2,0.9924478429151327,1.000000000000008,0.0035282744969291,0.0141130979877167,2.0,1.0,0.0002400192015361,0.5233520754570646,0.6213360108888656,0.9559710008207051
1048575,20,1048575,21,4,3,1,17,0.9754607688256978,0.3376250262090651,0.180287986061219,1.0000000000000009,7.174974178737513,128.0,0.0008392987324063,0.9343555814154579,0.938035955679875,0.9308553206419635
388,12,388,13,2,4,4,5,0.5515463917525772,0.6487002809185506,0.0612590744884905,0.6562236446668727,8.562770642073112,1.0,0.0008591065292096,1.0,0.7044291450329734,0.9967640226822437
2392,14,2392,15,5,6,0,9,0.8376327769347496,0.4190583157898081,0.0151559952603016,0.9202584772039796,14.0,1.0,0.0,0.4203718171830488,0.355070239059247,0.8594647249160466
2126,21,2126,22,3,1,0,21,0.8077553249590388,0.7201402262016725,0.1155311602340542,0.9526809231382524,9.359736350073897,5.0,0.0117815705774313,0.7992493540758491,0.7662166200011004,0.8870462808589016
100000,8,100000,9,2,3,2,4,0.7595103804152166,0.7208420126481099,0.045408255593816,0.339420032531611,7.936382432642349,8.0,0.0197837203453768,0.4818623122044125,0.46896474186403997,0.6316558758256575
11162,16,11162,17,2,4,6,7,0.05232037269306576,0.3068524675229939,0.0254818853311147,0.8334414039158455,10.389361764884097,1.0,0.0197470584721973,0.7667785476348481,0.7123146467744071,0.8212402034181171
4238,15,4238,16,2,7,0,9,0.6960830580462483,0.6255166355732787,0.0610103207197965,0.7833206650929911,13.63223827301634,5.0,0.0082743432436683,0.5993474006839992,0.6142412595902963,0.7131527604962388
1000,9,1000,10,8,1,4,5,0.9312320916905444,0.6846537538844213,0.0403759947936486,0.6301677332476067,9.0,1.0,0.0051111111111111,0.20665230625044803,0.22269779380697538,0.42489280463290696
101,17,101,18,6,15,1,2,0.782608695652174,0.7838476263904866,0.0049035540848359,0.9387449976838876,48.44946875024102,59.0,0.0092983211364614,0.47927018386924053,0.30087771235116967,0.24903932564705752
2499,12,2499,13,31,2,6,5,0.9856801909307876,0.1667061112885196,2.3123250891266e-05,0.7474514142740177,30.765202288042733,2.0,0.0011029548431394,0.9106744698789037,0.07727451199557744,0.5758567847350898
303,13,303,14,2,4,0,10,0.0891089108910891,0.5849961037714556,0.050488740225193,0.5670553898253279,13.0,3.0,0.004061944656004,0.8088435586210908,0.76209777723922,0.8322302524997003
4653,8,4653,9,2,3,2,4,0.31227165269718465,0.7246827719011272,0.0266852351276057,0.2957538638860023,4.999594126671279,4.0,0.0113367719750698,0.6180873299152835,0.6005499728321286,0.8075989061340744
649,32,649,33,13,13,4,16,0.8245614035087719,0.3461017800580826,0.0372555119025862,0.8846614020114036,27.961591937145965,16.0,0.0062596302003081,0.16803684387824144,0.17214535182900195,0.20027297046475404
395,32,395,33,16,13,4,16,0.8360655737704918,0.3440476764787337,0.0385920406075493,0.8668791554155661,26.934780664142814,12.0,0.0054588607594936,0.17210670226543057,0.19722159288907617,0.22621126070358621
200,5,200,6,5,2,2,2,0.7009345794392523,1.0,0.0310252563495512,0.1678522377991172,5.0,2.0,0.001,0.8624821564636479,0.7819466317847662,0.9401063852675469
100,3,100,4,4,0,4,0,0.2,0.1192074616237554,0.008995524246954,1.0,62.053259906888016,89.0,0.0132214765100671,0.4970578803912136,0.5298280423280423,0.3215846653346653
214,9,214,10,6,0,0,10,0.788235294117647,0.8867727031520132,0.0989312479564692,0.8484922857363233,8.175933689283015,5.0,0.0171339563862928,0.6744868032075336,0.4740026314970564,0.720655727138977
9355,11,9355,12,3,0,9,3,0.9630533286859533,0.4844541427026768,0.0012159998321627,0.9923546324067564,7.42554792763343,1.0,0.0030646712987707,0.77393879297217,0.4914623676645437,0.7759196893396694
891,11,891,12,3,2,4,6,0.7864077669902912,0.8366564913635142,3.176294528236129e-06,0.6070197452640497,203.9939292105437,1.0,0.0013365154509779,0.8210979017410117,0.33577468816879064,0.37770060716659604
145,32,145,33,8,6,1,26,0.627906976744186,0.3683369298547229,0.0027985736671708,0.6612904768799728,81.43194824336567,25.0,0.0070935960591133,0.31940265036405624,0.21706748565381173,0.2158507392239756
4410,23,4410,24,18,2,6,16,0.9884393063583815,0.3392674942193923,0.0173375017134236,0.6797463651697909,11.659860789214935,1.0,0.0024548950014788,0.2688774633802626,0.05579662105479488,0.7626336873849832
4410,2,4410,3,2,1,0,2,0.6925170068027211,0.9999999999999984,0.0023526763036737,0.0094107052146948,2.0,1.0,0.0,0.4906348697025671,0.4613808722851769,0.6406172711983132
4024,15,4024,16,2,4,7,5,0.6938369781312127,0.6057593608871701,0.0596670644328015,0.8819169473182585,10.22733708903928,4.0,0.0148277004638833,0.6766520683499619,0.7003784283469133,0.7994794430882951
3762,14,3762,15,2,1,1,13,0.10526315789473686,0.9682460632113312,3.829823430116487e-06,0.9993134427914038,88.16279334396403,2.0,0.0005548751678782,0.9559386730554819,0.7849833686378368,0.9698450129794489
3808,224,3808,225,2,1,2,222,0.1418067226890756,0.3902589796009955,0.0003782407122072,1.0,87.49784015162143,2.0,0.0005817101537322,0.5835509828212472,0.504177456947767,0.787000748731728
4120,224,4120,225,2,3,2,220,0.40339805825242714,0.4190670802734366,0.0003435471472912,1.000000000000005,95.5634293692264,1.0,0.0005324074590597,0.6324853019846581,0.4978510046726852,0.8120481546152155
4797,224,4797,225,2,1,2,222,0.3416718782572441,0.4535532468267919,0.0002578208301377,1.0,87.18176151816044,2.0,0.0004775840243562,0.540451602483679,0.5179877217199994,0.7870631467015098
4960,224,4960,225,2,1,2,222,0.4475806451612903,0.4706317684770219,2.0866878345985893e-05,0.9958556150833394,87.40092131434035,2.0,0.0004581440582646,0.5569689604833729,0.4806138808751541,0.7734519318862455
4392,224,4392,225,2,1,2,222,0.38706739526411654,0.4143030326752873,0.0002946805310744,1.0,87.26465334272945,3.0,0.0005527423467126,0.7023630641634776,0.534654128111902,0.8266426760963722
253680,21,253680,22,8,14,0,8,0.8043346161636622,0.4222658090258486,0.0484718921339875,0.5243492486585936,12.58156129336166,19.0,0.0210226341916877,0.15803167653523895,0.18537706036153864,0.22513940821288472
229925,13,229925,14,2,2,6,6,0.8991959678387136,0.1856074991845532,0.2134396549910369,1.0000000000000009,3.3570569975064006,32.0,0.0072507473154139,0.9833395963554542,0.9652963990756339,0.9998493187911647
241893,13,241893,14,2,2,6,6,0.8763950558022321,0.1994022492175621,0.1964255771850464,1.0000000000000002,3.2566003604999234,30.0,0.007193174120236,0.9912377030008016,0.976491626486049,0.995976199951858
100000,17,100000,18,3,0,1,17,0.4566025876067257,0.7684549416808715,0.1176568940627044,0.9999999997681828,11.372958188336607,9.0,0.0026544913994478,0.3526117004403861,0.4024274273555403,0.5402491274773955
6497,12,6497,13,6,1,0,12,0.9790648988136776,0.7793160756553859,0.1113647989167577,0.7320218519407874,10.869070294144526,1.0,0.0069391000974808,0.19264289157341594,0.24139409370302659,0.36275896410401903
316800,26,316800,27,10,26,1,0,0.0,0.3570719203333338,0.0242801812289564,0.6016797651998296,14.369148126791425,19.0,0.0057230769230769,0.7438629088609904,0.7492617131255327,0.9876145755926643
310,6,310,7,2,1,0,6,0.3548387096774194,0.998987345752668,0.1753506091603291,0.7964608461807292,6.0,4.0,0.0069892473118279,0.7860312333968743,0.8032607223074862,0.7954280021435953
310,6,310,7,3,0,1,6,0.42857142857142855,0.998987345752668,0.1753506091603291,0.7964608461807292,6.0,4.0,0.0069892473118279,0.7756279192217214,0.8153577954329898,0.7780011354285206
15000,4,15000,5,15,0,1,4,0.0,1.0000000000000382,0.0570221492154312,0.7366902887305555,4.0,1.0,0.0166666666666666,0.19012823300147916,0.2834964895357873,1.0
13393,11,13393,12,4,1,1,10,0.0002986857825567834,0.8875719001290479,0.1617958301233963,0.8059672163148769,11.0,6.0,0.0024911249431521,0.480337430291615,0.546780464270359,0.6537465825336333
240,6,240,7,6,0,2,5,0.0,0.7415116730398745,0.0356015254195964,0.6899220696557744,5.238657908803785,1.0,0.0109126984126984,0.8948072558198975,0.5410051822933368,0.9616978001072428
395,32,395,33,16,13,4,16,0.8360655737704918,0.3440476764787337,0.0385920406075493,0.8668791554155661,26.934780664142814,12.0,0.0054588607594936,0.17210670226543057,0.19722159288907617,0.22621126070358621
649,32,649,33,13,13,4,16,0.8245614035087719,0.3461017800580826,0.0372555119025862,0.8846614020114036,27.961591937145965,16.0,0.0062596302003081,0.16803684387824144,0.17214535182900195,0.20027297046475404
1100,20,1100,21,6,1,0,20,0.8121546961325967,0.7539110644286083,0.2724911545947897,0.7559503164351918,20.0,5.0,0.0,0.5206778272396543,0.5283285812500511,0.5812813366976646
10000,17,10000,18,3,0,1,17,0.7093023255813954,0.9997514087251528,0.0782298266313358,0.9999999996248062,8.45915037068378,1.0,0.0110411764705882,0.9479643290915217,0.5597949007485076,0.9363911501148268
768,8,768,9,2,1,0,8,0.3020833333333333,0.817299923769867,0.0758332889376094,0.5483476212941928,8.0,2.0,0.01513671875,0.6780316552226228,0.7250207755132051,0.7256277578040633
768,8,768,9,2,1,0,8,0.3020833333333333,0.817299923769867,0.0758332889376094,0.5483476212941928,8.0,2.0,0.01513671875,0.6780316552226228,0.7250207755132051,0.7256277578040633
4981,10,4981,11,2,6,2,3,0.9004216020879342,0.6845682683204604,0.0655186966798454,0.6745497463379461,7.420183734602356,2.0,0.0161814896607107,0.7027237796679433,0.7237351811691101,0.8676314796771262
1000000,7,1000000,8,2,5,0,3,0.7531101244049762,0.7465905745723298,0.0067106501678528,0.2059310939559906,5.438549340965711,7.0,0.0057054159499937,0.4769381169595371,0.4806171136252327,0.49770272878214605
667,19,667,20,2,3,1,16,0.7151424287856072,0.1627056668935717,0.0123113346190478,0.9999999521420624,7.169472227267783,7.0,0.0166019931210865,0.7099980887889626,0.6570593108710604,0.8353813768908019
2666,19,2666,20,2,3,1,16,0.7089272318079519,0.1500876424366138,0.0096396874163473,0.9999999509217512,12.809238816363331,7.0,0.0154505538149243,0.68978294437362,0.6572059919012009,0.8597633863924262
70692,17,70692,18,2,13,0,5,0.0,0.4678170517967956,0.0467773295791046,0.5129113399212176,9.644199572139174,15.0,0.0198705882352941,0.5025474041287881,0.5008081984722336,0.5022074819625922
26083,13,26083,14,2,4,0,10,0.0535764375876578,0.5652071675282888,0.0472311172485826,0.5785208753096198,4.188465539034041,12.0,0.0038378919341915,0.5015852801772734,0.6443236250097334,0.6922705368237277
40910,10,40910,11,2,7,0,4,0.0002444390124663741,0.6332466048414025,0.0304214585247923,0.359015694123416,5.289661782037486,10.0,0.0029761190447617,0.6338036595024987,0.7102863189554892,0.7806670838095675
213328,48,213328,49,11,2,3,44,0.9954396992666543,0.4271389905395975,0.0467251407372189,1.0,8.234536622938249,42.0,0.0173334582109429,0.9067777524926438,0.8691212691095043,0.9511313785905257
1190,11,1190,12,2,4,0,8,0.05714285714285709,0.6705337348252638,0.0692822550779471,0.5263274466051755,9.43300392408647,2.0,0.002139037433155,0.7666934071238082,0.7733727549214784,0.8547388629343527
10000,11,10000,12,2,4,1,7,0.5925999999999999,0.5006300494100672,0.0089641306486502,0.3191337532189577,11.0,3.0,0.0018272727272727,0.6122378658219584,0.48847165845192536,0.7833422797319439
545,12,545,13,3,6,1,6,0.23705722070844687,0.6302823852366061,0.0417667669152178,0.3477182701859859,8.484845844236391,1.0,0.0077981651376146,0.4355464218143455,0.5104803753256304,0.48875970517965506
1470,34,1470,35,17,4,6,25,0.9713467048710601,0.325954698959772,0.0247144325426565,0.9502179726971997,30.8566934216092,2.0,0.0019207683073229,0.2460477257093885,0.15464693469821175,0.4826372060314797
2096,11,2096,12,2,2,10,0,0.23532219570405727,0.3773961444084819,2.8801084767468053e-07,0.3738346145149026,84.0450786822766,1695.0,0.0006683042641652,0.9218790295753969,0.9026928582793277,0.8829339614299925
2627,9,2627,10,8,3,3,4,0.9659024103468548,0.7213200100541364,0.053769589610426,0.5750884499438857,8.353140059692473,1.0,0.0026646364674533,0.19332744019672607,0.09126411192714168,0.5372966818265973
8068,10,8068,11,4,3,4,4,0.09936984973339791,0.6743339848950828,0.0485937599436824,0.5951788730245869,9.082643904047297,1.0,0.0022930094199305,0.3938950978079952,0.2650760062366872,0.5124665091029601
614,12,614,13,2,6,3,4,0.37459283387622144,0.6158906581190584,2.4419114183167225e-05,0.6011991850620205,87.65382240048397,2.0,0.0017904869289234,0.7614369955151762,0.49026803899795995,0.7268209625954692
2111,16,2111,17,7,5,4,8,0.12680577849117178,0.57424573163063,0.0469299286751427,0.6268152289034817,8.347002206288318,2.0,0.006483893889152,0.6267841039536252,0.6386252529451716,0.8672384026235004
4981,10,4981,11,2,6,2,3,0.9004216020879342,0.6845682683204604,0.0655186966798454,0.6745497463379461,7.420183734602356,2.0,0.0161814896607107,0.7027237796679433,0.7237351811691101,0.8676314796771262
201,10,201,11,2,6,2,3,0.6019900497512438,0.7123675894693942,0.0687267019655233,0.5709436900383562,7.959253803593071,2.0,0.0039800995024875,0.6458675126875177,0.6790069219872921,0.6373652425012093
10127,22,10127,23,2,2,4,17,0.6786807544188802,0.5095695086353145,0.0420824652275766,0.999999999964785,20.81399476990825,1.0,0.0062972970546783,1.0,0.4635477494599982,1.0
55692,26,55692,27,2,6,1,20,0.16796671866874677,0.4929898654859435,0.0602456768327586,0.9004610497407513,22.38744718000581,19.0,0.0075628590923293,0.9769709318129278,0.9116463901553143,0.9853801778385342
2627,10,2627,11,4,3,4,4,0.283763277693475,0.6604108150621435,0.049894785225915,0.5750884499438857,9.29297683713396,1.0,0.002398172820708,0.28459132891207445,0.2145636367474285,0.3140074998003094
8068,10,8068,11,4,3,4,4,0.09936984973339791,0.6743339848950828,0.0485937599436824,0.5951788730245869,9.082643904047297,1.0,0.0022930094199305,0.3938950978079952,0.2650760062366872,0.5124665091029601
630,8,630,9,5,0,0,9,0.0,0.9993849802903632,0.4063957263541304,1.0,2.190412079006137,1.0,0.0,0.9608053946701475,0.9854708854812643,1.0
3276,9,3276,10,2,1,0,9,0.21978021978021975,0.6077420112624797,0.0132974589754056,0.1436057670524889,9.0,1.0,0.0053249219915886,0.49979330892195334,0.5189836828123463,0.6019838529648047
2111,16,2111,17,7,5,4,8,0.12680577849117178,0.5742460999342871,0.0469299286751427,0.6268152289034817,8.347002206070325,2.0,0.006483893889152,0.6267841039536252,0.6193041468457243,0.8576808890003035
195,13,195,14,2,2,0,12,0.025641025641025616,0.710677754784736,0.0955819573196334,0.8227446952315576,11.182811540171851,1.0,0.0055226824457593,0.8707354229191804,0.7798073106359255,0.8950671999710149
70,17,70,18,6,15,1,2,0.6,0.2764785935254996,0.0231363446188792,1.0,53.6967852061249,42.0,0.0115966386554621,0.9017857142857143,0.8710126429489174,0.5059212985170578
539383,8,539383,9,2,1,3,5,0.060522420896835856,0.1242713878206924,0.1194457036666898,1.000000000000001,8.632131247305436,527.0,0.0044286748915112,0.9782127057965928,0.5537363431605745,0.9331936477112256
66,4,66,5,2,1,4,0,0.0,0.9999999999999998,0.0421696140921842,0.2029290660200982,4.0,4.0,0.0,0.4544988970724264,0.5041483516483516,0.47420408409959497
989,7,989,8,2,3,3,2,0.7229524772497472,0.6847776071435736,4.828685356090863e-06,0.8050519459984814,59.94922286331044,1.0,0.0012762336925694,0.9277961785391181,0.6251379944536986,0.7089780957237043
1987,9,1987,10,2,6,0,4,0.2853548062405637,0.653377708026986,0.033475783158549,0.4880413944136412,6.596245553666671,1.0,0.0,0.6201127406175629,0.7047783488140772,0.7904453479370984
3000,17,3000,18,5,0,14,4,0.01748542880932556,0.0424327028217761,3.5787606048475888e-06,0.0937974759495646,224.2212445371276,2.0,0.0006608062185865,0.1981200040906197,0.1955964374558837,0.19229180707663754
